type,code,description,exclude,concat
ICD-10,I44,Atrioventricular and left bundle-branch block,0,"    ('ICD-10', 'I44', 'Atrioventricular and left bundle-branch block', '0'),"
ICD-10,I440,"Atrioventricular block, first degree",0,"    ('ICD-10', 'I440', 'Atrioventricular block, first degree', '0'),"
ICD-10,I441,"Atrioventricular block, second degree",0,"    ('ICD-10', 'I441', 'Atrioventricular block, second degree', '0'),"
ICD-10,I442,"Atrioventricular block, complete",0,"    ('ICD-10', 'I442', 'Atrioventricular block, complete', '0'),"
ICD-10,I443,Other and unspecified atrioventricular block,0,"    ('ICD-10', 'I443', 'Other and unspecified atrioventricular block', '0'),"
ICD-10,I444,Left anterior fascicular block,0,"    ('ICD-10', 'I444', 'Left anterior fascicular block', '0'),"
ICD-10,I445,Left posterior fascicular block,0,"    ('ICD-10', 'I445', 'Left posterior fascicular block', '0'),"
ICD-10,I446,Other and unspecified atrioventricular block,0,"    ('ICD-10', 'I446', 'Other and unspecified atrioventricular block', '0'),"
ICD-10,I447,"Left bundle-branch block, unspecified",0,"    ('ICD-10', 'I447', 'Left bundle-branch block, unspecified', '0'),"
ICD-10,I45,Other conduction disorders,0,"    ('ICD-10', 'I45', 'Other conduction disorders', '0'),"
ICD-10,I450,Right fascicular block,0,"    ('ICD-10', 'I450', 'Right fascicular block', '0'),"
ICD-10,I451,Other and unspecified right bundle-branch block,0,"    ('ICD-10', 'I451', 'Other and unspecified right bundle-branch block', '0'),"
ICD-10,I452,Bifascicular block,0,"    ('ICD-10', 'I452', 'Bifascicular block', '0'),"
ICD-10,I453,Trifascicular block,0,"    ('ICD-10', 'I453', 'Trifascicular block', '0'),"
ICD-10,I454,Nonspecific intraventricular block,0,"    ('ICD-10', 'I454', 'Nonspecific intraventricular block', '0'),"
ICD-10,I455,Other specified heart block,0,"    ('ICD-10', 'I455', 'Other specified heart block', '0'),"
ICD-10,I456,Pre-excitation syndrome,0,"    ('ICD-10', 'I456', 'Pre-excitation syndrome', '0'),"
ICD-10,I458,Other specified conduction disorders,0,"    ('ICD-10', 'I458', 'Other specified conduction disorders', '0'),"
ICD-10,I459,"Conduction disorder, unspecified",0,"    ('ICD-10', 'I459', 'Conduction disorder, unspecified', '0'),"
ICD-10,I46,Cardiac arrest,0,"    ('ICD-10', 'I46', 'Cardiac arrest', '0'),"
ICD-10,I460,Cardiac arrest with successful resuscitation,0,"    ('ICD-10', 'I460', 'Cardiac arrest with successful resuscitation', '0'),"
ICD-10,I461,"Sudden cardiac death, so described",0,"    ('ICD-10', 'I461', 'Sudden cardiac death, so described', '0'),"
ICD-10,I469,"Cardiac arrest, unspecified",0,"    ('ICD-10', 'I469', 'Cardiac arrest, unspecified', '0'),"
ICD-10,I47,Paroxysmal tachycardia,0,"    ('ICD-10', 'I47', 'Paroxysmal tachycardia', '0'),"
ICD-10,I470,Re-entry ventricular arrhythmia,0,"    ('ICD-10', 'I470', 'Re-entry ventricular arrhythmia', '0'),"
ICD-10,I471,Supraventricular tachycardia,0,"    ('ICD-10', 'I471', 'Supraventricular tachycardia', '0'),"
ICD-10,I472,Ventricular tachycardia,0,"    ('ICD-10', 'I472', 'Ventricular tachycardia', '0'),"
ICD-10,I479,"Paroxysmal tachycardia, unspecified",0,"    ('ICD-10', 'I479', 'Paroxysmal tachycardia, unspecified', '0'),"
ICD-10,I48,Atrial fibrillation and flutter,0,"    ('ICD-10', 'I48', 'Atrial fibrillation and flutter', '0'),"
ICD-10,I480,Paroxysmal atrial fibrillation,0,"    ('ICD-10', 'I480', 'Paroxysmal atrial fibrillation', '0'),"
ICD-10,I481,Persistent atrial fibrillation,0,"    ('ICD-10', 'I481', 'Persistent atrial fibrillation', '0'),"
ICD-10,I482,Chronic atrial fibrillation,0,"    ('ICD-10', 'I482', 'Chronic atrial fibrillation', '0'),"
ICD-10,I483,Typical atrial flutter,0,"    ('ICD-10', 'I483', 'Typical atrial flutter', '0'),"
ICD-10,I484,Atypical atrial flutter,0,"    ('ICD-10', 'I484', 'Atypical atrial flutter', '0'),"
ICD-10,I489,"Atrial fibrillation and atrial flutter, unspecified",0,"    ('ICD-10', 'I489', 'Atrial fibrillation and atrial flutter, unspecified', '0'),"
ICD-10,I49,Other cardiac arrhythmias,0,"    ('ICD-10', 'I49', 'Other cardiac arrhythmias', '0'),"
ICD-10,I490,Ventricular fibrillation and flutter,0,"    ('ICD-10', 'I490', 'Ventricular fibrillation and flutter', '0'),"
ICD-10,I491,Atrial premature depolarization,0,"    ('ICD-10', 'I491', 'Atrial premature depolarization', '0'),"
ICD-10,I492,Junctional premature depolarization,0,"    ('ICD-10', 'I492', 'Junctional premature depolarization', '0'),"
ICD-10,I493,Ventricular premature depolarization,0,"    ('ICD-10', 'I493', 'Ventricular premature depolarization', '0'),"
ICD-10,I494,Other and unspecified premature depolarization,0,"    ('ICD-10', 'I494', 'Other and unspecified premature depolarization', '0'),"
ICD-10,I495,Sick sinus syndrome,0,"    ('ICD-10', 'I495', 'Sick sinus syndrome', '0'),"
ICD-10,I498,Other specified cardiac arrhythmias,0,"    ('ICD-10', 'I498', 'Other specified cardiac arrhythmias', '0'),"
ICD-10,I499,"Cardiac arrhythmia, unspecified",0,"    ('ICD-10', 'I499', 'Cardiac arrhythmia, unspecified', '0'),"
OPCS-4,K52,K52 Open operations on conducting system of heart,0,"    ('OPCS-4', 'K52', 'K52 Open operations on conducting system of heart', '0'),"
OPCS-4,K521,K52.1 Open ablation of atrioventricular node,0,"    ('OPCS-4', 'K521', 'K52.1 Open ablation of atrioventricular node', '0'),"
OPCS-4,K522,K52.2 Epicardial excision of rhythmogenic focus,0,"    ('OPCS-4', 'K522', 'K52.2 Epicardial excision of rhythmogenic focus', '0'),"
OPCS-4,K523,K52.3 Endocardial excision of rhythmogenic focus,0,"    ('OPCS-4', 'K523', 'K52.3 Endocardial excision of rhythmogenic focus', '0'),"
OPCS-4,K524,K52.4 Open division of accessory pathway within heart,0,"    ('OPCS-4', 'K524', 'K52.4 Open division of accessory pathway within heart', '0'),"
OPCS-4,K525,K52.5 Open division of conducting system of heart NEC,0,"    ('OPCS-4', 'K525', 'K52.5 Open division of conducting system of heart NEC', '0'),"
OPCS-4,K526,K52.6 Incision of tissue in atria,0,"    ('OPCS-4', 'K526', 'K52.6 Incision of tissue in atria', '0'),"
OPCS-4,K528,K52.8 Other specified,0,"    ('OPCS-4', 'K528', 'K52.8 Other specified', '0'),"
OPCS-4,K529,K52.9 Unspecified,0,"    ('OPCS-4', 'K529', 'K52.9 Unspecified', '0'),"
OPCS-4,K571,K57.1 Percutaneous transluminal ablation of atrioventricular node,0,"    ('OPCS-4', 'K571', 'K57.1 Percutaneous transluminal ablation of atrioventricular node', '0'),"
OPCS-4,K572,K57.2 Percutaneous transluminal ablation of conducting system of heart NEC,0,"    ('OPCS-4', 'K572', 'K57.2 Percutaneous transluminal ablation of conducting system of heart NEC', '0'),"
OPCS-4,K574,K57.4 Percutaneous transluminal ablation of accessory pathway,0,"    ('OPCS-4', 'K574', 'K57.4 Percutaneous transluminal ablation of accessory pathway', '0'),"
OPCS-4,K59,K59 Cardioverter defibrillator introduced through the vein,0,"    ('OPCS-4', 'K59', 'K59 Cardioverter defibrillator introduced through the vein', '0'),"
OPCS-4,K591,K59.1 Implantation of cardioverter defibrillator using one electrode lead,0,"    ('OPCS-4', 'K591', 'K59.1 Implantation of cardioverter defibrillator using one electrode lead', '0'),"
OPCS-4,K592,K59.2 Implantation of cardioverter defibrillator using two electrode leads,0,"    ('OPCS-4', 'K592', 'K59.2 Implantation of cardioverter defibrillator using two electrode leads', '0'),"
OPCS-4,K593,K59.3 Resiting of lead of cardioverter defibrillator,0,"    ('OPCS-4', 'K593', 'K59.3 Resiting of lead of cardioverter defibrillator', '0'),"
OPCS-4,K594,K59.4 Renewal of cardioverter defibrillator NEC,0,"    ('OPCS-4', 'K594', 'K59.4 Renewal of cardioverter defibrillator NEC', '0'),"
OPCS-4,K595,K59.5 Removal of cardioverter defibrillator,0,"    ('OPCS-4', 'K595', 'K59.5 Removal of cardioverter defibrillator', '0'),"
OPCS-4,K596,K59.6 Implantation of cardioverter defibrillator using three electrode leads,0,"    ('OPCS-4', 'K596', 'K59.6 Implantation of cardioverter defibrillator using three electrode leads', '0'),"
OPCS-4,K597,K59.7 Renewal of cardioverter defibrillator using three electrode leads,0,"    ('OPCS-4', 'K597', 'K59.7 Renewal of cardioverter defibrillator using three electrode leads', '0'),"
OPCS-4,K598,K59.8 Other specified,0,"    ('OPCS-4', 'K598', 'K59.8 Other specified', '0'),"
OPCS-4,K599,K59.9 Unspecified,0,"    ('OPCS-4', 'K599', 'K59.9 Unspecified', '0'),"
OPCS-4,K60,K60 Cardiac pacemaker system introduced through vein,0,"    ('OPCS-4', 'K60', 'K60 Cardiac pacemaker system introduced through vein', '0'),"
OPCS-4,K601,K60.1 Implantation of intravenous cardiac pacemaker system NEC,0,"    ('OPCS-4', 'K601', 'K60.1 Implantation of intravenous cardiac pacemaker system NEC', '0'),"
OPCS-4,K602,K60.2 Resiting of lead of intravenous cardiac pacemaker system,0,"    ('OPCS-4', 'K602', 'K60.2 Resiting of lead of intravenous cardiac pacemaker system', '0'),"
OPCS-4,K603,K60.3 Renewal of intravenous cardiac pacemaker system NEC,0,"    ('OPCS-4', 'K603', 'K60.3 Renewal of intravenous cardiac pacemaker system NEC', '0'),"
OPCS-4,K604,K60.4 Removal of intravenous cardiac pacemaker system,0,"    ('OPCS-4', 'K604', 'K60.4 Removal of intravenous cardiac pacemaker system', '0'),"
OPCS-4,K605,K60.5 Implantation of intravenous single chamber cardiac pacemaker system,0,"    ('OPCS-4', 'K605', 'K60.5 Implantation of intravenous single chamber cardiac pacemaker system', '0'),"
OPCS-4,K606,K60.6 Implantation of intravenous dual chamber cardiac pacemaker system,0,"    ('OPCS-4', 'K606', 'K60.6 Implantation of intravenous dual chamber cardiac pacemaker system', '0'),"
OPCS-4,K607,K60.7 Implantation of intravenous biventricular cardiac pacemaker system,0,"    ('OPCS-4', 'K607', 'K60.7 Implantation of intravenous biventricular cardiac pacemaker system', '0'),"
OPCS-4,K608,K60.8 Other specified,0,"    ('OPCS-4', 'K608', 'K60.8 Other specified', '0'),"
OPCS-4,K609,K60.9 Unspecified,0,"    ('OPCS-4', 'K609', 'K60.9 Unspecified', '0'),"
OPCS-4,K61,K61 Other cardiac pacemaker system,0,"    ('OPCS-4', 'K61', 'K61 Other cardiac pacemaker system', '0'),"
OPCS-4,K611,K61.1 Implantation of cardiac pacemaker system NEC,0,"    ('OPCS-4', 'K611', 'K61.1 Implantation of cardiac pacemaker system NEC', '0'),"
OPCS-4,K612,K61.2 Resiting of lead of cardiac pacemaker system NEC,0,"    ('OPCS-4', 'K612', 'K61.2 Resiting of lead of cardiac pacemaker system NEC', '0'),"
OPCS-4,K613,K61.3 Renewal of cardiac pacemaker system NEC,0,"    ('OPCS-4', 'K613', 'K61.3 Renewal of cardiac pacemaker system NEC', '0'),"
OPCS-4,K614,K61.4 Removal of cardiac pacemaker system NEC,0,"    ('OPCS-4', 'K614', 'K61.4 Removal of cardiac pacemaker system NEC', '0'),"
OPCS-4,K615,K61.5 Implantation of single chamber cardiac pacemaker system,0,"    ('OPCS-4', 'K615', 'K61.5 Implantation of single chamber cardiac pacemaker system', '0'),"
OPCS-4,K616,K61.6 Implantation of dual chamber cardiac pacemaker system,0,"    ('OPCS-4', 'K616', 'K61.6 Implantation of dual chamber cardiac pacemaker system', '0'),"
OPCS-4,K617,K61.7 Implantation of biventricular cardiac pacemaker system,0,"    ('OPCS-4', 'K617', 'K61.7 Implantation of biventricular cardiac pacemaker system', '0'),"
OPCS-4,K618,K61.8 Other specified,0,"    ('OPCS-4', 'K618', 'K61.8 Other specified', '0'),"
OPCS-4,K619,K61.9 Unspecified,0,"    ('OPCS-4', 'K619', 'K61.9 Unspecified', '0'),"
OPCS-4,K621,K62.1 Percutaneous transluminal ablation of pulmonary vein to left atrium conducting system,0,"    ('OPCS-4', 'K621', 'K62.1 Percutaneous transluminal ablation of pulmonary vein to left atrium conducting system', '0'),"
OPCS-4,K622,K62.2 Percutaneous transluminal ablation of atrial wall for atrial flutter,0,"    ('OPCS-4', 'K622', 'K62.2 Percutaneous transluminal ablation of atrial wall for atrial flutter', '0'),"
OPCS-4,K623,K62.3 Percutaneous transluminal ablation of conducting system of heart for atrial flutter NEC,0,"    ('OPCS-4', 'K623', 'K62.3 Percutaneous transluminal ablation of conducting system of heart for atrial flutter NEC', '0'),"
OPCS-4,K624,K62.4 Percutaneous transluminal internal cardioversion NEC,0,"    ('OPCS-4', 'K624', 'K62.4 Percutaneous transluminal internal cardioversion NEC', '0'),"
OPCS-4,K72,K72 Other cardioverter defibrillator,0,"    ('OPCS-4', 'K72', 'K72 Other cardioverter defibrillator', '0'),"
OPCS-4,K721,K72.1 Implantation of subcutaneous cardioverter defibrillator,0,"    ('OPCS-4', 'K721', 'K72.1 Implantation of subcutaneous cardioverter defibrillator', '0'),"
OPCS-4,K722,K72.2 Resiting of lead of subcutaneous cardioverter defibrillator,0,"    ('OPCS-4', 'K722', 'K72.2 Resiting of lead of subcutaneous cardioverter defibrillator', '0'),"
OPCS-4,K723,K72.3 Renewal of subcutaneous cardioverter defibrillator,0,"    ('OPCS-4', 'K723', 'K72.3 Renewal of subcutaneous cardioverter defibrillator', '0'),"
OPCS-4,K724,K72.4 Removal of subcutaneous cardioverter defibrillator,0,"    ('OPCS-4', 'K724', 'K72.4 Removal of subcutaneous cardioverter defibrillator', '0'),"
OPCS-4,K728,K72.8 Other specified,0,"    ('OPCS-4', 'K728', 'K72.8 Other specified', '0'),"
OPCS-4,K729,K72.9 Unspecified,0,"    ('OPCS-4', 'K729', 'K72.9 Unspecified', '0'),"
OPCS-4,K73,K73 Other cardiac pacemaker system introduced through vein,0,"    ('OPCS-4', 'K73', 'K73 Other cardiac pacemaker system introduced through vein', '0'),"
OPCS-4,K731,K73.1 Renewal of intravenous single chamber cardiac pacemaker system,0,"    ('OPCS-4', 'K731', 'K73.1 Renewal of intravenous single chamber cardiac pacemaker system', '0'),"
OPCS-4,K732,K73.2 Renewal of intravenous dual chamber cardiac pacemaker system,0,"    ('OPCS-4', 'K732', 'K73.2 Renewal of intravenous dual chamber cardiac pacemaker system', '0'),"
OPCS-4,K733,K73.3 Renewal of intravenous biventricular cardiac pacemaker,0,"    ('OPCS-4', 'K733', 'K73.3 Renewal of intravenous biventricular cardiac pacemaker', '0'),"
OPCS-4,K738,K73.8 Other specified,0,"    ('OPCS-4', 'K738', 'K73.8 Other specified', '0'),"
OPCS-4,K739,K73.9 Unspecified,0,"    ('OPCS-4', 'K739', 'K73.9 Unspecified', '0'),"
OPCS-4,K74,K74 Cardiac pacemaker system,0,"    ('OPCS-4', 'K74', 'K74 Cardiac pacemaker system', '0'),"
OPCS-4,K741,K74.1 Renewal of single chamber cardiac pacemaker system NEC,0,"    ('OPCS-4', 'K741', 'K74.1 Renewal of single chamber cardiac pacemaker system NEC', '0'),"
OPCS-4,K742,K74.2 Renewal of dual chamber cardiac pacemaker system NEC,0,"    ('OPCS-4', 'K742', 'K74.2 Renewal of dual chamber cardiac pacemaker system NEC', '0'),"
OPCS-4,K743,K74.3 Renewal of biventricular cardiac pacemaker NEC,0,"    ('OPCS-4', 'K743', 'K74.3 Renewal of biventricular cardiac pacemaker NEC', '0'),"
OPCS-4,K748,K74.8 Other specified,0,"    ('OPCS-4', 'K748', 'K74.8 Other specified', '0'),"
OPCS-4,K749,K74.9 Unspecified,0,"    ('OPCS-4', 'K749', 'K74.9 Unspecified', '0'),"
SNOMED CT,184004,Withdrawal arrhythmia,0,"    ('SNOMED CT', '184004', 'Withdrawal arrhythmia', '0'),"
SNOMED CT,2374000,Monofascicular block,0,"    ('SNOMED CT', '2374000', 'Monofascicular block', '0'),"
SNOMED CT,4554005,Intraventricular block,0,"    ('SNOMED CT', '4554005', 'Intraventricular block', '0'),"
SNOMED CT,4973001,Left bundle branch hemiblock,0,"    ('SNOMED CT', '4973001', 'Left bundle branch hemiblock', '0'),"
SNOMED CT,5370000,Atrial flutter,0,"    ('SNOMED CT', '5370000', 'Atrial flutter', '0'),"
SNOMED CT,5609005,Sinus arrest,0,"    ('SNOMED CT', '5609005', 'Sinus arrest', '0'),"
SNOMED CT,6180003,Complete left bundle branch block,0,"    ('SNOMED CT', '6180003', 'Complete left bundle branch block', '0'),"
SNOMED CT,6285003,Tachyarrhythmia,0,"    ('SNOMED CT', '6285003', 'Tachyarrhythmia', '0'),"
SNOMED CT,6374002,Bundle branch block,0,"    ('SNOMED CT', '6374002', 'Bundle branch block', '0'),"
SNOMED CT,6456007,Supraventricular tachycardia,0,"    ('SNOMED CT', '6456007', 'Supraventricular tachycardia', '0'),"
SNOMED CT,6624005,Ventricular tachyarrhythmia,0,"    ('SNOMED CT', '6624005', 'Ventricular tachyarrhythmia', '0'),"
SNOMED CT,9651007,Long QT syndrome,0,"    ('SNOMED CT', '9651007', 'Long QT syndrome', '0'),"
SNOMED CT,10164001,Parasystole,0,"    ('SNOMED CT', '10164001', 'Parasystole', '0'),"
SNOMED CT,10626002,Multifocal PVCs,0,"    ('SNOMED CT', '10626002', 'Multifocal PVCs', '0'),"
SNOMED CT,11157007,Ventricular bigeminy,0,"    ('SNOMED CT', '11157007', 'Ventricular bigeminy', '0'),"
SNOMED CT,11849007,AV junctional rhythm,0,"    ('SNOMED CT', '11849007', 'AV junctional rhythm', '0'),"
SNOMED CT,12026006,Paroxysmal tachycardia,0,"    ('SNOMED CT', '12026006', 'Paroxysmal tachycardia', '0'),"
SNOMED CT,13395001,Sinoatrial arrest with nodal/ventricular escape,0,"    ('SNOMED CT', '13395001', 'Sinoatrial arrest with nodal/ventricular escape', '0'),"
SNOMED CT,13640000,Fusion beats,0,"    ('SNOMED CT', '13640000', 'Fusion beats', '0'),"
SNOMED CT,14718009,"Right bundle branch block, posterior fascicular block AND incomplete left bundle branch block",0,"    ('SNOMED CT', '14718009', 'Right bundle branch block, posterior fascicular block AND incomplete left bundle branch block', '0'),"
SNOMED CT,16574001,Cardiac arrest after obstetrical surgery AND/OR other procedure including delivery,0,"    ('SNOMED CT', '16574001', 'Cardiac arrest after obstetrical surgery AND/OR other procedure including delivery', '0'),"
SNOMED CT,16797001,Accelerated atrioventricular conduction,0,"    ('SNOMED CT', '16797001', 'Accelerated atrioventricular conduction', '0'),"
SNOMED CT,17366009,Atrial arrhythmia,0,"    ('SNOMED CT', '17366009', 'Atrial arrhythmia', '0'),"
SNOMED CT,17869006,Anomalous atrioventricular excitation,0,"    ('SNOMED CT', '17869006', 'Anomalous atrioventricular excitation', '0'),"
SNOMED CT,19092004,Holt-Oram syndrome,0,"    ('SNOMED CT', '19092004', 'Holt-Oram syndrome', '0'),"
SNOMED CT,20143001,Bilateral bundle branch block,0,"    ('SNOMED CT', '20143001', 'Bilateral bundle branch block', '0'),"
SNOMED CT,20852007,Romano-Ward syndrome,0,"    ('SNOMED CT', '20852007', 'Romano-Ward syndrome', '0'),"
SNOMED CT,26950008,Chronic ectopic atrial tachycardia,0,"    ('SNOMED CT', '26950008', 'Chronic ectopic atrial tachycardia', '0'),"
SNOMED CT,27337007,Unifocal PVCs,0,"    ('SNOMED CT', '27337007', 'Unifocal PVCs', '0'),"
SNOMED CT,27885002,Complete atrioventricular block,0,"    ('SNOMED CT', '27885002', 'Complete atrioventricular block', '0'),"
SNOMED CT,28189009,Mobitz type II atrioventricular block,0,"    ('SNOMED CT', '28189009', 'Mobitz type II atrioventricular block', '0'),"
SNOMED CT,29320008,Ectopic rhythm,0,"    ('SNOMED CT', '29320008', 'Ectopic rhythm', '0'),"
SNOMED CT,29717002,Premature beats,0,"    ('SNOMED CT', '29717002', 'Premature beats', '0'),"
SNOMED CT,29894000,Vagal autonomic bradycardia,0,"    ('SNOMED CT', '29894000', 'Vagal autonomic bradycardia', '0'),"
SNOMED CT,30667004,Right bundle branch block AND left anterior fascicular block,0,"    ('SNOMED CT', '30667004', 'Right bundle branch block AND left anterior fascicular block', '0'),"
SNOMED CT,32425009,"Right bundle branch block, anterior fascicular block AND posterior fascicular block",0,"    ('SNOMED CT', '32425009', 'Right bundle branch block, anterior fascicular block AND posterior fascicular block', '0'),"
SNOMED CT,32758004,Right bundle branch block with left bundle branch block,0,"    ('SNOMED CT', '32758004', 'Right bundle branch block with left bundle branch block', '0'),"
SNOMED CT,33413000,Ectopic rhythm disorder,0,"    ('SNOMED CT', '33413000', 'Ectopic rhythm disorder', '0'),"
SNOMED CT,36083008,Sick sinus syndrome,0,"    ('SNOMED CT', '36083008', 'Sick sinus syndrome', '0'),"
SNOMED CT,37760005,Left anterior fascicular block,0,"    ('SNOMED CT', '37760005', 'Left anterior fascicular block', '0'),"
SNOMED CT,38274001,Interpolated PVCs,0,"    ('SNOMED CT', '38274001', 'Interpolated PVCs', '0'),"
SNOMED CT,38566003,"Right bundle branch block, anterior fascicular block AND incomplete left bundle branch block",0,"    ('SNOMED CT', '38566003', 'Right bundle branch block, anterior fascicular block AND incomplete left bundle branch block', '0'),"
SNOMED CT,39260000,Nonparoxysmal AV nodal tachycardia,0,"    ('SNOMED CT', '39260000', 'Nonparoxysmal AV nodal tachycardia', '0'),"
SNOMED CT,39357005,Paroxysmal atrial tachycardia with block,0,"    ('SNOMED CT', '39357005', 'Paroxysmal atrial tachycardia with block', '0'),"
SNOMED CT,40593004,Fibrillation,0,"    ('SNOMED CT', '40593004', 'Fibrillation', '0'),"
SNOMED CT,41863008,"Right bundle branch block, anterior fascicular block AND incomplete posterior fascicular block",0,"    ('SNOMED CT', '41863008', 'Right bundle branch block, anterior fascicular block AND incomplete posterior fascicular block', '0'),"
SNOMED CT,43906007,Right bundle branch block AND incomplete left bundle branch block,0,"    ('SNOMED CT', '43906007', 'Right bundle branch block AND incomplete left bundle branch block', '0'),"
SNOMED CT,44103008,Ventricular arrhythmia,0,"    ('SNOMED CT', '44103008', 'Ventricular arrhythmia', '0'),"
SNOMED CT,44602002,Persistent sinus bradycardia,0,"    ('SNOMED CT', '44602002', 'Persistent sinus bradycardia', '0'),"
SNOMED CT,44808001,Conduction disorder of the heart,0,"    ('SNOMED CT', '44808001', 'Conduction disorder of the heart', '0'),"
SNOMED CT,46220003,Tic-tac rhythm,0,"    ('SNOMED CT', '46220003', 'Tic-tac rhythm', '0'),"
SNOMED CT,46319007,Right bundle branch block AND left posterior fascicular block,0,"    ('SNOMED CT', '46319007', 'Right bundle branch block AND left posterior fascicular block', '0'),"
SNOMED CT,46619002,Congenital heart block,0,"    ('SNOMED CT', '46619002', 'Congenital heart block', '0'),"
SNOMED CT,47830009,Junctional escape beats,0,"    ('SNOMED CT', '47830009', 'Junctional escape beats', '0'),"
SNOMED CT,49044005,Severe sinus bradycardia,0,"    ('SNOMED CT', '49044005', 'Severe sinus bradycardia', '0'),"
SNOMED CT,49260003,Ventricular rhythm,0,"    ('SNOMED CT', '49260003', 'Ventricular rhythm', '0'),"
SNOMED CT,49436004,Atrial fibrillation,0,"    ('SNOMED CT', '49436004', 'Atrial fibrillation', '0'),"
SNOMED CT,49710005,Sinus bradycardia,0,"    ('SNOMED CT', '49710005', 'Sinus bradycardia', '0'),"
SNOMED CT,49982000,Multifocal atrial tachycardia,0,"    ('SNOMED CT', '49982000', 'Multifocal atrial tachycardia', '0'),"
SNOMED CT,50799005,Atrioventricular dissociation,0,"    ('SNOMED CT', '50799005', 'Atrioventricular dissociation', '0'),"
SNOMED CT,54016002,Mobitz type I incomplete atrioventricular block,0,"    ('SNOMED CT', '54016002', 'Mobitz type I incomplete atrioventricular block', '0'),"
SNOMED CT,55475008,Lown-Ganong-Levine syndrome,0,"    ('SNOMED CT', '55475008', 'Lown-Ganong-Levine syndrome', '0'),"
SNOMED CT,59118001,Right bundle branch block,0,"    ('SNOMED CT', '59118001', 'Right bundle branch block', '0'),"
SNOMED CT,59272004,Ventricular parasystole,0,"    ('SNOMED CT', '59272004', 'Ventricular parasystole', '0'),"
SNOMED CT,60423000,Sinoatrial node dysfunction,0,"    ('SNOMED CT', '60423000', 'Sinoatrial node dysfunction', '0'),"
SNOMED CT,61277005,Accelerated idioventricular rhythm,0,"    ('SNOMED CT', '61277005', 'Accelerated idioventricular rhythm', '0'),"
SNOMED CT,62026008,Left posterior fascicular block,0,"    ('SNOMED CT', '62026008', 'Left posterior fascicular block', '0'),"
SNOMED CT,62657007,Cardiac arrest AND/OR failure following anesthesia AND/OR sedation in labor AND/OR delivery,0,"    ('SNOMED CT', '62657007', 'Cardiac arrest AND/OR failure following anesthesia AND/OR sedation in labor AND/OR delivery', '0'),"
SNOMED CT,63232000,Multifocal premature beats,0,"    ('SNOMED CT', '63232000', 'Multifocal premature beats', '0'),"
SNOMED CT,63467002,Left bundle branch block,0,"    ('SNOMED CT', '63467002', 'Left bundle branch block', '0'),"
SNOMED CT,63593006,Supraventricular premature beats,0,"    ('SNOMED CT', '63593006', 'Supraventricular premature beats', '0'),"
SNOMED CT,65778007,Sinoatrial block,0,"    ('SNOMED CT', '65778007', 'Sinoatrial block', '0'),"
SNOMED CT,66568003,"Right bundle branch block, posterior fascicular block AND incomplete anterior fascicular block",0,"    ('SNOMED CT', '66568003', 'Right bundle branch block, posterior fascicular block AND incomplete anterior fascicular block', '0'),"
SNOMED CT,66657009,Paroxysmal ventricular tachycardia,0,"    ('SNOMED CT', '66657009', 'Paroxysmal ventricular tachycardia', '0'),"
SNOMED CT,67198005,Paroxysmal supraventricular tachycardia,0,"    ('SNOMED CT', '67198005', 'Paroxysmal supraventricular tachycardia', '0'),"
SNOMED CT,69730002,Idiojunctional tachycardia,0,"    ('SNOMED CT', '69730002', 'Idiojunctional tachycardia', '0'),"
SNOMED CT,71792006,Nodal rhythm disorder,0,"    ('SNOMED CT', '71792006', 'Nodal rhythm disorder', '0'),"
SNOMED CT,71908006,Ventricular fibrillation,0,"    ('SNOMED CT', '71908006', 'Ventricular fibrillation', '0'),"
SNOMED CT,72654001,Supraventricular arrhythmia,0,"    ('SNOMED CT', '72654001', 'Supraventricular arrhythmia', '0'),"
SNOMED CT,73459006,"Right branch block, incomplete anterior fascicular block AND incomplete posterior fascicular block",0,"    ('SNOMED CT', '73459006', 'Right branch block, incomplete anterior fascicular block AND incomplete posterior fascicular block', '0'),"
SNOMED CT,74021003,Bifascicular block,0,"    ('SNOMED CT', '74021003', 'Bifascicular block', '0'),"
SNOMED CT,74390002,Wolff-Parkinson-White syndrome,0,"    ('SNOMED CT', '74390002', 'Wolff-Parkinson-White syndrome', '0'),"
SNOMED CT,74615001,Tachycardia-bradycardia,0,"    ('SNOMED CT', '74615001', 'Tachycardia-bradycardia', '0'),"
SNOMED CT,75532003,Ventricular escape beat,0,"    ('SNOMED CT', '75532003', 'Ventricular escape beat', '0'),"
SNOMED CT,76887001,"Anterior fascicular block, posterior fascicular block AND incomplete right bundle branch block",0,"    ('SNOMED CT', '76887001', 'Anterior fascicular block, posterior fascicular block AND incomplete right bundle branch block', '0'),"
SNOMED CT,77221000,Incomplete atrioventricular block with atrioventricular response,0,"    ('SNOMED CT', '77221000', 'Incomplete atrioventricular block with atrioventricular response', '0'),"
SNOMED CT,78240009,Cardiac arrest due to pacemaker failure,0,"    ('SNOMED CT', '78240009', 'Cardiac arrest due to pacemaker failure', '0'),"
SNOMED CT,81681009,Junctional premature beats,0,"    ('SNOMED CT', '81681009', 'Junctional premature beats', '0'),"
SNOMED CT,81898007,Ventricular escape rhythm,0,"    ('SNOMED CT', '81898007', 'Ventricular escape rhythm', '0'),"
SNOMED CT,82226007,Diffuse intraventricular block,0,"    ('SNOMED CT', '82226007', 'Diffuse intraventricular block', '0'),"
SNOMED CT,82838007,Irregular tachycardia,0,"    ('SNOMED CT', '82838007', 'Irregular tachycardia', '0'),"
SNOMED CT,86014007,Trifascicular block,0,"    ('SNOMED CT', '86014007', 'Trifascicular block', '0'),"
SNOMED CT,88412007,AV node arrhythmia,0,"    ('SNOMED CT', '88412007', 'AV node arrhythmia', '0'),"
SNOMED CT,129575004,Pacemaker twiddler's syndrome,0,"    ('SNOMED CT', '129575004', 'Pacemaker twiddler's syndrome', '0'),"
SNOMED CT,195039008,Partial atrioventricular block,0,"    ('SNOMED CT', '195039008', 'Partial atrioventricular block', '0'),"
SNOMED CT,195042002,Second degree atrioventricular block,0,"    ('SNOMED CT', '195042002', 'Second degree atrioventricular block', '0'),"
SNOMED CT,195046004,Left main stem bundle branch block,0,"    ('SNOMED CT', '195046004', 'Left main stem bundle branch block', '0'),"
SNOMED CT,195060002,Ventricular pre-excitation,0,"    ('SNOMED CT', '195060002', 'Ventricular pre-excitation', '0'),"
SNOMED CT,195069001,Atrial paroxysmal tachycardia,0,"    ('SNOMED CT', '195069001', 'Atrial paroxysmal tachycardia', '0'),"
SNOMED CT,195070000,AV paroxysmal tachycardia,0,"    ('SNOMED CT', '195070000', 'AV paroxysmal tachycardia', '0'),"
SNOMED CT,195071001,Paroxysmal junctional tachycardia,0,"    ('SNOMED CT', '195071001', 'Paroxysmal junctional tachycardia', '0'),"
SNOMED CT,195072008,Nodal paroxysmal tachycardia,0,"    ('SNOMED CT', '195072008', 'Nodal paroxysmal tachycardia', '0'),"
SNOMED CT,195080001,Atrial fibrillation and flutter,0,"    ('SNOMED CT', '195080001', 'Atrial fibrillation and flutter', '0'),"
SNOMED CT,195083004,Ventricular fibrillation and flutter,0,"    ('SNOMED CT', '195083004', 'Ventricular fibrillation and flutter', '0'),"
SNOMED CT,195105007,Re-entry ventricular arrhythmia,0,"    ('SNOMED CT', '195105007', 'Re-entry ventricular arrhythmia', '0'),"
SNOMED CT,204383001,Congenital complete atrioventricular heart block,0,"    ('SNOMED CT', '204383001', 'Congenital complete atrioventricular heart block', '0'),"
SNOMED CT,204384007,Congenital incomplete atrioventricular heart block,0,"    ('SNOMED CT', '204384007', 'Congenital incomplete atrioventricular heart block', '0'),"
SNOMED CT,213213007,Cardiac arrest as a complication of care,0,"    ('SNOMED CT', '213213007', 'Cardiac arrest as a complication of care', '0'),"
SNOMED CT,233891009,Sinoatrial node tachycardia,0,"    ('SNOMED CT', '233891009', 'Sinoatrial node tachycardia', '0'),"
SNOMED CT,233892002,Ectopic atrial tachycardia,0,"    ('SNOMED CT', '233892002', 'Ectopic atrial tachycardia', '0'),"
SNOMED CT,233893007,Re-entrant atrial tachycardia,0,"    ('SNOMED CT', '233893007', 'Re-entrant atrial tachycardia', '0'),"
SNOMED CT,233894001,Incessant atrial tachycardia,0,"    ('SNOMED CT', '233894001', 'Incessant atrial tachycardia', '0'),"
SNOMED CT,233895000,Ectopic atrioventricular node tachycardia,0,"    ('SNOMED CT', '233895000', 'Ectopic atrioventricular node tachycardia', '0'),"
SNOMED CT,233896004,Re-entrant atrioventricular node tachycardia,0,"    ('SNOMED CT', '233896004', 'Re-entrant atrioventricular node tachycardia', '0'),"
SNOMED CT,233897008,AVRT - Atrioventricular re-entrant tachycardia,0,"    ('SNOMED CT', '233897008', 'AVRT - Atrioventricular re-entrant tachycardia', '0'),"
SNOMED CT,233898003,Orthodromic atrioventricular re-entrant tachycardia,0,"    ('SNOMED CT', '233898003', 'Orthodromic atrioventricular re-entrant tachycardia', '0'),"
SNOMED CT,233899006,Antidromic atrioventricular re-entrant tachycardia,0,"    ('SNOMED CT', '233899006', 'Antidromic atrioventricular re-entrant tachycardia', '0'),"
SNOMED CT,233900001,Supraventricular tachycardia with functional bundle branch block,0,"    ('SNOMED CT', '233900001', 'Supraventricular tachycardia with functional bundle branch block', '0'),"
SNOMED CT,233901002,His bundle tachycardia,0,"    ('SNOMED CT', '233901002', 'His bundle tachycardia', '0'),"
SNOMED CT,233902009,Congenital His bundle tachycardia,0,"    ('SNOMED CT', '233902009', 'Congenital His bundle tachycardia', '0'),"
SNOMED CT,233903004,Postoperative His bundle tachycardia,0,"    ('SNOMED CT', '233903004', 'Postoperative His bundle tachycardia', '0'),"
SNOMED CT,233904005,Permanent junctional reciprocating tachycardia,0,"    ('SNOMED CT', '233904005', 'Permanent junctional reciprocating tachycardia', '0'),"
SNOMED CT,233910005,Lone atrial fibrillation,0,"    ('SNOMED CT', '233910005', 'Lone atrial fibrillation', '0'),"
SNOMED CT,233911009,Non-rheumatic atrial fibrillation,0,"    ('SNOMED CT', '233911009', 'Non-rheumatic atrial fibrillation', '0'),"
SNOMED CT,233913007,Familial sick sinus syndrome,0,"    ('SNOMED CT', '233913007', 'Familial sick sinus syndrome', '0'),"
SNOMED CT,233914001,Postoperative sinoatrial disease,0,"    ('SNOMED CT', '233914001', 'Postoperative sinoatrial disease', '0'),"
SNOMED CT,233916004,Heart block,0,"    ('SNOMED CT', '233916004', 'Heart block', '0'),"
SNOMED CT,233917008,AVB - Atrioventricular block,0,"    ('SNOMED CT', '233917008', 'AVB - Atrioventricular block', '0'),"
SNOMED CT,233918003,Postoperative complete heart block,0,"    ('SNOMED CT', '233918003', 'Postoperative complete heart block', '0'),"
SNOMED CT,233922008,Concealed accessory pathway,0,"    ('SNOMED CT', '233922008', 'Concealed accessory pathway', '0'),"
SNOMED CT,233923003,Unidirectional retrograde accessory pathway,0,"    ('SNOMED CT', '233923003', 'Unidirectional retrograde accessory pathway', '0'),"
SNOMED CT,233927002,Cardiac arrest with successful resuscitation,0,"    ('SNOMED CT', '233927002', 'Cardiac arrest with successful resuscitation', '0'),"
SNOMED CT,234172002,Electromechanical dissociation,0,"    ('SNOMED CT', '234172002', 'Electromechanical dissociation', '0'),"
SNOMED CT,251092003,Sinus arrest with atrial escape,0,"    ('SNOMED CT', '251092003', 'Sinus arrest with atrial escape', '0'),"
SNOMED CT,251093008,Sinus arrest with junctional escape,0,"    ('SNOMED CT', '251093008', 'Sinus arrest with junctional escape', '0'),"
SNOMED CT,251094002,Sinus arrest with ventricular escape,0,"    ('SNOMED CT', '251094002', 'Sinus arrest with ventricular escape', '0'),"
SNOMED CT,251114004,Intermittent second degree atrioventricular block,0,"    ('SNOMED CT', '251114004', 'Intermittent second degree atrioventricular block', '0'),"
SNOMED CT,251120003,Incomplete left bundle branch block,0,"    ('SNOMED CT', '251120003', 'Incomplete left bundle branch block', '0'),"
SNOMED CT,251123001,Complete right bundle branch block,0,"    ('SNOMED CT', '251123001', 'Complete right bundle branch block', '0'),"
SNOMED CT,251124007,Incomplete right bundle branch block,0,"    ('SNOMED CT', '251124007', 'Incomplete right bundle branch block', '0'),"
SNOMED CT,251125008,Minor intraventricular conduction defect,0,"    ('SNOMED CT', '251125008', 'Minor intraventricular conduction defect', '0'),"
SNOMED CT,251152003,Marked sinus arrhythmia,0,"    ('SNOMED CT', '251152003', 'Marked sinus arrhythmia', '0'),"
SNOMED CT,251155001,His Bundle (junctional ectopic) tachycardia,0,"    ('SNOMED CT', '251155001', 'His Bundle (junctional ectopic) tachycardia', '0'),"
SNOMED CT,251161003,Slow ventricular response,0,"    ('SNOMED CT', '251161003', 'Slow ventricular response', '0'),"
SNOMED CT,251162005,AV-junctional (nodal) bradycardia,0,"    ('SNOMED CT', '251162005', 'AV-junctional (nodal) bradycardia', '0'),"
SNOMED CT,251163000,AV junctional (nodal) arrest,0,"    ('SNOMED CT', '251163000', 'AV junctional (nodal) arrest', '0'),"
SNOMED CT,251164006,Junctional premature complex,0,"    ('SNOMED CT', '251164006', 'Junctional premature complex', '0'),"
SNOMED CT,251165007,Nodal tachycardia,0,"    ('SNOMED CT', '251165007', 'Nodal tachycardia', '0'),"
SNOMED CT,251166008,AV nodal re-entry tachycardia,0,"    ('SNOMED CT', '251166008', 'AV nodal re-entry tachycardia', '0'),"
SNOMED CT,251167004,Aberrant premature complexes,0,"    ('SNOMED CT', '251167004', 'Aberrant premature complexes', '0'),"
SNOMED CT,251168009,Supraventricular bigeminy,0,"    ('SNOMED CT', '251168009', 'Supraventricular bigeminy', '0'),"
SNOMED CT,251170000,Blocked premature atrial contraction,0,"    ('SNOMED CT', '251170000', 'Blocked premature atrial contraction', '0'),"
SNOMED CT,251171001,Multiple atrial premature complexes,0,"    ('SNOMED CT', '251171001', 'Multiple atrial premature complexes', '0'),"
SNOMED CT,251172008,Run of atrial premature complexes,0,"    ('SNOMED CT', '251172008', 'Run of atrial premature complexes', '0'),"
SNOMED CT,251173003,Atrial bigeminy,0,"    ('SNOMED CT', '251173003', 'Atrial bigeminy', '0'),"
SNOMED CT,251174009,Atrial trigeminy,0,"    ('SNOMED CT', '251174009', 'Atrial trigeminy', '0'),"
SNOMED CT,251175005,Ventricular premature complex,0,"    ('SNOMED CT', '251175005', 'Ventricular premature complex', '0'),"
SNOMED CT,251176006,Multiple premature ventricular complexes,0,"    ('SNOMED CT', '251176006', 'Multiple premature ventricular complexes', '0'),"
SNOMED CT,251177002,Run of ventricular premature complexes,0,"    ('SNOMED CT', '251177002', 'Run of ventricular premature complexes', '0'),"
SNOMED CT,251179004,Multiple ventricular interpolated complexes,0,"    ('SNOMED CT', '251179004', 'Multiple ventricular interpolated complexes', '0'),"
SNOMED CT,251180001,Ventricular trigeminy,0,"    ('SNOMED CT', '251180001', 'Ventricular trigeminy', '0'),"
SNOMED CT,251181002,Ventricular quadrigeminy,0,"    ('SNOMED CT', '251181002', 'Ventricular quadrigeminy', '0'),"
SNOMED CT,251182009,Paired ventricular premature complexes,0,"    ('SNOMED CT', '251182009', 'Paired ventricular premature complexes', '0'),"
SNOMED CT,251183004,Aberrantly conducted complex,0,"    ('SNOMED CT', '251183004', 'Aberrantly conducted complex', '0'),"
SNOMED CT,251186007,Ventricular escape complex,0,"    ('SNOMED CT', '251186007', 'Ventricular escape complex', '0'),"
SNOMED CT,251187003,Atrial escape complex,0,"    ('SNOMED CT', '251187003', 'Atrial escape complex', '0'),"
SNOMED CT,251188008,Atrial parasystole,0,"    ('SNOMED CT', '251188008', 'Atrial parasystole', '0'),"
SNOMED CT,253528005,Arrythmogenic right ventricular dysplasia,0,"    ('SNOMED CT', '253528005', 'Arrythmogenic right ventricular dysplasia', '0'),"
SNOMED CT,261195002,Circulatory arrest,0,"    ('SNOMED CT', '261195002', 'Circulatory arrest', '0'),"
SNOMED CT,270492004,First degree atrioventricular block,0,"    ('SNOMED CT', '270492004', 'First degree atrioventricular block', '0'),"
SNOMED CT,276796006,Atrial tachycardia,0,"    ('SNOMED CT', '276796006', 'Atrial tachycardia', '0'),"
SNOMED CT,278482008,Atrioventricular tachycardia,0,"    ('SNOMED CT', '278482008', 'Atrioventricular tachycardia', '0'),"
SNOMED CT,282825002,AF - Paroxysmal atrial fibrillation,0,"    ('SNOMED CT', '282825002', 'AF - Paroxysmal atrial fibrillation', '0'),"
SNOMED CT,283645003,Lev's disease,0,"    ('SNOMED CT', '283645003', 'Lev's disease', '0'),"
SNOMED CT,284470004,Premature atrial contraction,0,"    ('SNOMED CT', '284470004', 'Premature atrial contraction', '0'),"
SNOMED CT,287057009,Atrial premature complex,0,"    ('SNOMED CT', '287057009', 'Atrial premature complex', '0'),"
SNOMED CT,300996004,Controlled atrial fibrillation,0,"    ('SNOMED CT', '300996004', 'Controlled atrial fibrillation', '0'),"
SNOMED CT,300997008,Asymptomatic sinoatrial node dysfunction,0,"    ('SNOMED CT', '300997008', 'Asymptomatic sinoatrial node dysfunction', '0'),"
SNOMED CT,309809007,Electromechanical dissociation with successful resuscitation,0,"    ('SNOMED CT', '309809007', 'Electromechanical dissociation with successful resuscitation', '0'),"
SNOMED CT,314208002,Rapid atrial fibrillation,0,"    ('SNOMED CT', '314208002', 'Rapid atrial fibrillation', '0'),"
SNOMED CT,315027009,Congenital conduction defect,0,"    ('SNOMED CT', '315027009', 'Congenital conduction defect', '0'),"
SNOMED CT,373905003,Jervell and Lange-Nielson syndrome (disorder),0,"    ('SNOMED CT', '373905003', 'Jervell and Lange-Nielson syndrome (disorder)', '0'),"
SNOMED CT,397829000,Asystole (disorder),0,"    ('SNOMED CT', '397829000', 'Asystole (disorder)', '0'),"
SNOMED CT,406461004,Ectopic atrial beats (disorder),0,"    ('SNOMED CT', '406461004', 'Ectopic atrial beats (disorder)', '0'),"
SNOMED CT,410429000,Cardiac arrest (disorder),0,"    ('SNOMED CT', '410429000', 'Cardiac arrest (disorder)', '0'),"
SNOMED CT,410430005,Cardiorespiratory arrest (disorder),0,"    ('SNOMED CT', '410430005', 'Cardiorespiratory arrest (disorder)', '0'),"
SNOMED CT,418341009,Atrioventricular conduction disorder (disorder),0,"    ('SNOMED CT', '418341009', 'Atrioventricular conduction disorder (disorder)', '0'),"
SNOMED CT,418493005,Right atrial incisional tachycardia (disorder),0,"    ('SNOMED CT', '418493005', 'Right atrial incisional tachycardia (disorder)', '0'),"
SNOMED CT,418818005,Brugada syndrome (disorder),0,"    ('SNOMED CT', '418818005', 'Brugada syndrome (disorder)', '0'),"
SNOMED CT,419400008,Incisional tachycardia (disorder),0,"    ('SNOMED CT', '419400008', 'Incisional tachycardia (disorder)', '0'),"
SNOMED CT,419671004,Catecholaminergic polymorphic ventricular tachycardia (disorder),0,"    ('SNOMED CT', '419671004', 'Catecholaminergic polymorphic ventricular tachycardia (disorder)', '0'),"
SNOMED CT,419752005,Sinoatrial nodal reentrant tachycardia (disorder),0,"    ('SNOMED CT', '419752005', 'Sinoatrial nodal reentrant tachycardia (disorder)', '0'),"
SNOMED CT,420002000,Left atrial incisional tachycardia (disorder),0,"    ('SNOMED CT', '420002000', 'Left atrial incisional tachycardia (disorder)', '0'),"
SNOMED CT,421869004,Bradyarrhythmia (disorder),0,"    ('SNOMED CT', '421869004', 'Bradyarrhythmia (disorder)', '0'),"
SNOMED CT,422348008,Andersen Tawil syndrome (disorder),0,"    ('SNOMED CT', '422348008', 'Andersen Tawil syndrome (disorder)', '0'),"
SNOMED CT,422970001,Cardiac arrest due to trauma (disorder),0,"    ('SNOMED CT', '422970001', 'Cardiac arrest due to trauma (disorder)', '0'),"
SNOMED CT,423168004,Cardiac arrest due to respiratory disorder (disorder),0,"    ('SNOMED CT', '423168004', 'Cardiac arrest due to respiratory disorder (disorder)', '0'),"
SNOMED CT,423191000,Cardiac arrest due to cardiac disorder (disorder),0,"    ('SNOMED CT', '423191000', 'Cardiac arrest due to cardiac disorder (disorder)', '0'),"
SNOMED CT,424571008,Cardiac arrest due to drowning (disorder),0,"    ('SNOMED CT', '424571008', 'Cardiac arrest due to drowning (disorder)', '0'),"
SNOMED CT,425582007,Inappropriate sinus tachycardia (disorder),0,"    ('SNOMED CT', '425582007', 'Inappropriate sinus tachycardia (disorder)', '0'),"
SNOMED CT,425615007,Chronic atrial flutter (disorder),0,"    ('SNOMED CT', '425615007', 'Chronic atrial flutter (disorder)', '0'),"
SNOMED CT,426749004,Chronic atrial fibrillation (disorder),0,"    ('SNOMED CT', '426749004', 'Chronic atrial fibrillation (disorder)', '0'),"
SNOMED CT,427665004,Paroxysmal atrial flutter (disorder),0,"    ('SNOMED CT', '427665004', 'Paroxysmal atrial flutter (disorder)', '0'),"
SNOMED CT,429243003,Sustained ventricular fibrillation (disorder),0,"    ('SNOMED CT', '429243003', 'Sustained ventricular fibrillation (disorder)', '0'),"
SNOMED CT,440028005,Permanent atrial fibrillation (disorder),0,"    ('SNOMED CT', '440028005', 'Permanent atrial fibrillation (disorder)', '0'),"
SNOMED CT,440059007,Persistent atrial fibrillation (disorder),0,"    ('SNOMED CT', '440059007', 'Persistent atrial fibrillation (disorder)', '0'),"
SNOMED CT,442559009,Bundle branch reentrant ventricular tachycardia (disorder),0,"    ('SNOMED CT', '442559009', 'Bundle branch reentrant ventricular tachycardia (disorder)', '0'),"
SNOMED CT,442917000,Congenital long QT syndrome (disorder),0,"    ('SNOMED CT', '442917000', 'Congenital long QT syndrome (disorder)', '0'),"
SNOMED CT,442946007,Aquired long QT syndrome (disorder),0,"    ('SNOMED CT', '442946007', 'Aquired long QT syndrome (disorder)', '0'),"
SNOMED CT,443478002,Heart block due to drug (disorder),0,"    ('SNOMED CT', '443478002', 'Heart block due to drug (disorder)', '0'),"
SNOMED CT,444605001,Symptomatic sinus bradycardia (disorder),0,"    ('SNOMED CT', '444605001', 'Symptomatic sinus bradycardia (disorder)', '0'),"
SNOMED CT,450919004,Atrial standstill (disorder),0,"    ('SNOMED CT', '450919004', 'Atrial standstill (disorder)', '0'),"
SNOMED CT,472809000,Atrioventricular block due to endocarditis (disorder),0,"    ('SNOMED CT', '472809000', 'Atrioventricular block due to endocarditis (disorder)', '0'),"
SNOMED CT,472810005,Arrhythmia due to vegetation of infectious endocarditis,0,"    ('SNOMED CT', '472810005', 'Arrhythmia due to vegetation of infectious endocarditis', '0'),"
SNOMED CT,609506003,Induced termination of pregnancy complicated by cardiac arrest,0,"    ('SNOMED CT', '609506003', 'Induced termination of pregnancy complicated by cardiac arrest', '0'),"
SNOMED CT,698247007,Arrhythmia,0,"    ('SNOMED CT', '698247007', 'Arrhythmia', '0'),"
SNOMED CT,698252002,Non-specific intraventricular conduction delay,0,"    ('SNOMED CT', '698252002', 'Non-specific intraventricular conduction delay', '0'),"
SNOMED CT,698270004,Cardiac arrhythmia associated with genetic disorder (disorder),0,"    ('SNOMED CT', '698270004', 'Cardiac arrhythmia associated with genetic disorder (disorder)', '0'),"
SNOMED CT,698271000,Cardiac channelopathy,0,"    ('SNOMED CT', '698271000', 'Cardiac channelopathy', '0'),"
SNOMED CT,698272007,Short QT syndrome (disorder),0,"    ('SNOMED CT', '698272007', 'Short QT syndrome (disorder)', '0'),"
SNOMED CT,698504006,Postoperative cardiopulmonary failure,0,"    ('SNOMED CT', '698504006', 'Postoperative cardiopulmonary failure', '0'),"
SNOMED CT,699256006,Long QT syndrome with syndactyly,0,"    ('SNOMED CT', '699256006', 'Long QT syndrome with syndactyly', '0'),"
SNOMED CT,699748007,Cardiopulmonary arrest with successful resuscitation,0,"    ('SNOMED CT', '699748007', 'Cardiopulmonary arrest with successful resuscitation', '0'),"
SNOMED CT,703162001,Bradycardic cardiac arrest,0,"    ('SNOMED CT', '703162001', 'Bradycardic cardiac arrest', '0'),"
SNOMED CT,706923002,Longstanding persistent atrial fibrillation (disorder),0,"    ('SNOMED CT', '706923002', 'Longstanding persistent atrial fibrillation (disorder)', '0'),"
SNOMED CT,708124001,Recurrent ventricular tachycardia (disorder),0,"    ('SNOMED CT', '708124001', 'Recurrent ventricular tachycardia (disorder)', '0'),"
SNOMED CT,710878005,Mahaim fiber tachycardia,0,"    ('SNOMED CT', '710878005', 'Mahaim fiber tachycardia', '0'),"
SNOMED CT,713419002,Intraoperative cardiopulmonary arrest,0,"    ('SNOMED CT', '713419002', 'Intraoperative cardiopulmonary arrest', '0'),"
SNOMED CT,715535009,Keratosis palmoplantaris and arrythmogenic cardiomyopathy syndrome (disorder),0,"    ('SNOMED CT', '715535009', 'Keratosis palmoplantaris and arrythmogenic cardiomyopathy syndrome (disorder)', '0'),"
SNOMED CT,715971003,Long QT syndrome caused by drug (disorder),0,"    ('SNOMED CT', '715971003', 'Long QT syndrome caused by drug (disorder)', '0'),"
SNOMED CT,716050002,Cardiac arrest during surgery (disorder),0,"    ('SNOMED CT', '716050002', 'Cardiac arrest during surgery (disorder)', '0'),"
SNOMED CT,719823007,"Ventricular extrasystoles with syncope, perodactyly and Robin sequence syndrome (disorder)",0,"    ('SNOMED CT', '719823007', 'Ventricular extrasystoles with syncope, perodactyly and Robin sequence syndrome (disorder)', '0'),"
SNOMED CT,719907006,Timothy syndrome type 2 (disorder),0,"    ('SNOMED CT', '719907006', 'Timothy syndrome type 2 (disorder)', '0'),"
SNOMED CT,720448006,Typical atrial flutter (disorder),0,"    ('SNOMED CT', '720448006', 'Typical atrial flutter (disorder)', '0'),"
SNOMED CT,720507006,Chronic atrial and intestinal dysrhythmia (disorder),0,"    ('SNOMED CT', '720507006', 'Chronic atrial and intestinal dysrhythmia (disorder)', '0'),"
SNOMED CT,721010003,Heart-hand syndrome type 2 (disorder),0,"    ('SNOMED CT', '721010003', 'Heart-hand syndrome type 2 (disorder)', '0'),"
SNOMED CT,721013001,Heart-hand syndrome type 3 (disorder),0,"    ('SNOMED CT', '721013001', 'Heart-hand syndrome type 3 (disorder)', '0'),"
SNOMED CT,723860000,Arrhythmia as current complication following acute myocardial infarction (disorder),0,"    ('SNOMED CT', '723860000', 'Arrhythmia as current complication following acute myocardial infarction (disorder)', '0'),"
SNOMED CT,723866006,Idiopathic ventricular fibrillation not Brugada type (disorder),0,"    ('SNOMED CT', '723866006', 'Idiopathic ventricular fibrillation not Brugada type (disorder)', '0'),"
SNOMED CT,725145002,"Atrial septal defect, atrioventricular conduction defect syndrome (disorder)",0,"    ('SNOMED CT', '725145002', 'Atrial septal defect, atrioventricular conduction defect syndrome (disorder)', '0'),"
SNOMED CT,733125004,Acquired complete atrioventricular block,0,"    ('SNOMED CT', '733125004', 'Acquired complete atrioventricular block', '0'),"
SNOMED CT,733454004,Brachydactyly long thumb type,0,"    ('SNOMED CT', '733454004', 'Brachydactyly long thumb type', '0'),"
SNOMED CT,735682000,Macro re-entrant atrial tachycardia (disorder),0,"    ('SNOMED CT', '735682000', 'Macro re-entrant atrial tachycardia (disorder)', '0'),"
SNOMED CT,735683005,Cavotricuspid isthmus dependent macroreentry tachycardia (disorder),0,"    ('SNOMED CT', '735683005', 'Cavotricuspid isthmus dependent macroreentry tachycardia (disorder)', '0'),"
SNOMED CT,735684004,Non-cavotricuspid isthmus dependent atrial tachycardia (disorder),0,"    ('SNOMED CT', '735684004', 'Non-cavotricuspid isthmus dependent atrial tachycardia (disorder)', '0'),"
SNOMED CT,735685003,Atrioventricular reciprocating tachycardia (disorder),0,"    ('SNOMED CT', '735685003', 'Atrioventricular reciprocating tachycardia (disorder)', '0'),"
SNOMED CT,735686002,Sudden cardiac death due to cardiac arrhythmia (disorder),0,"    ('SNOMED CT', '735686002', 'Sudden cardiac death due to cardiac arrhythmia (disorder)', '0'),"
SNOMED CT,762247006,Preexcited atrial fibrillation (disorder),0,"    ('SNOMED CT', '762247006', 'Preexcited atrial fibrillation (disorder)', '0'),"
SNOMED CT,762534000,Supraventricular bradyarrhythmia,0,"    ('SNOMED CT', '762534000', 'Supraventricular bradyarrhythmia', '0'),"
SNOMED CT,764457005,Cardiac arrhythmia ankyrin-B related,0,"    ('SNOMED CT', '764457005', 'Cardiac arrhythmia ankyrin-B related', '0'),"
SNOMED CT,764732004,Zaki Gleeson syndrome,0,"    ('SNOMED CT', '764732004', 'Zaki Gleeson syndrome', '0'),"
SNOMED CT,770784003,Sinoatrial node dysfunction and deafness,0,"    ('SNOMED CT', '770784003', 'Sinoatrial node dysfunction and deafness', '0'),"
SNOMED CT,771179007,Char Douglas Dungan syndrome,0,"    ('SNOMED CT', '771179007', 'Char Douglas Dungan syndrome', '0'),"
SNOMED CT,789039008,Scar mediated macro re-entrant atrial tachycardia (disorder),0,"    ('SNOMED CT', '789039008', 'Scar mediated macro re-entrant atrial tachycardia (disorder)', '0'),"
SNOMED CT,789693005,Acquired Brugada syndrome,0,"    ('SNOMED CT', '789693005', 'Acquired Brugada syndrome', '0'),"
SNOMED CT,871686004,Multiple atrial ectopics,0,"    ('SNOMED CT', '871686004', 'Multiple atrial ectopics', '0'),"
SNOMED CT,871832005,Multifocal atrial ectopics (disorder),0,"    ('SNOMED CT', '871832005', 'Multifocal atrial ectopics (disorder)', '0'),"
SNOMED CT,1010405004,Paroxysmal atrial fibrillation with rapid ventricular response,0,"    ('SNOMED CT', '1010405004', 'Paroxysmal atrial fibrillation with rapid ventricular response', '0'),"
SNOMED CT,1142040009,Right atrial non-cavotricuspid isthmus dependent macro re-entrant atrial tachycardia (disorder),0,"    ('SNOMED CT', '1142040009', 'Right atrial non-cavotricuspid isthmus dependent macro re-entrant atrial tachycardia (disorder)', '0'),"
SNOMED CT,1142041008,Non-scar mediated right atrial non-cavotricuspid isthmus dependent macro re-entrant atrial tachycardia,0,"    ('SNOMED CT', '1142041008', 'Non-scar mediated right atrial non-cavotricuspid isthmus dependent macro re-entrant atrial tachycardia', '0'),"
SNOMED CT,1142057008,Anticlockwise cavotricuspid isthmus dependant macroreentry tachycardia: clockwise (disorder),0,"    ('SNOMED CT', '1142057008', 'Anticlockwise cavotricuspid isthmus dependant macroreentry tachycardia: clockwise (disorder)', '0'),"
SNOMED CT,1142064005,Antidromic atrioventricular reciprocating tachycardia utilising atrio-ventricular accessory pathway with antegrade unidirectional conduction,0,"    ('SNOMED CT', '1142064005', 'Antidromic atrioventricular reciprocating tachycardia utilising atrio-ventricular accessory pathway with antegrade unidirectional conduction', '0'),"
SNOMED CT,1142066007,Antidromic atrioventricular reciprocating tachycardia utilising atrio-fascicular accessory pathway with antegrade unidirectional conduction,0,"    ('SNOMED CT', '1142066007', 'Antidromic atrioventricular reciprocating tachycardia utilising atrio-fascicular accessory pathway with antegrade unidirectional conduction', '0'),"
SNOMED CT,1142067003,Non scar mediated left atrial non-cavotricuspid isthmus dependent macro re-entrant atrial tachycardia,0,"    ('SNOMED CT', '1142067003', 'Non scar mediated left atrial non-cavotricuspid isthmus dependent macro re-entrant atrial tachycardia', '0'),"
SNOMED CT,1142068008,Antidromic atrioventricular reciprocating tachycardia utilising accessory pathway with antegrade unidirectional conduction,0,"    ('SNOMED CT', '1142068008', 'Antidromic atrioventricular reciprocating tachycardia utilising accessory pathway with antegrade unidirectional conduction', '0'),"
SNOMED CT,1142069000,Scar mediated left atrial non-cavotricuspid isthmus dependent macro re-entrant atrial tachycardia,0,"    ('SNOMED CT', '1142069000', 'Scar mediated left atrial non-cavotricuspid isthmus dependent macro re-entrant atrial tachycardia', '0'),"
SNOMED CT,1142082008,Idiopathic junctional ectopic tachycardia (disorder),0,"    ('SNOMED CT', '1142082008', 'Idiopathic junctional ectopic tachycardia (disorder)', '0'),"
SNOMED CT,1142086006,Congenital junctional ectopic tachycardia,0,"    ('SNOMED CT', '1142086006', 'Congenital junctional ectopic tachycardia', '0'),"
SNOMED CT,1142090008,Clockwise cavotricuspid isthmus dependent macroreentry tachycardia (disorder),0,"    ('SNOMED CT', '1142090008', 'Clockwise cavotricuspid isthmus dependent macroreentry tachycardia (disorder)', '0'),"
SNOMED CT,1142093005,Left atrial non-cavotricuspid isthmus dependent macro re-entrant atrial tachycardia,0,"    ('SNOMED CT', '1142093005', 'Left atrial non-cavotricuspid isthmus dependent macro re-entrant atrial tachycardia', '0'),"
SNOMED CT,1142098001,Postoperative junctional ectopic tachycardia,0,"    ('SNOMED CT', '1142098001', 'Postoperative junctional ectopic tachycardia', '0'),"
SNOMED CT,1142103004,Antidromic atrioventricular reciprocating tachycardia utilizing nodo-fascicular accessory pathway with antegrade unidirectional conduction (disorder),0,"    ('SNOMED CT', '1142103004', 'Antidromic atrioventricular reciprocating tachycardia utilizing nodo-fascicular accessory pathway with antegrade unidirectional conduction (disorder)', '0'),"
SNOMED CT,1142105006,Typical atrioventricular nodal re-entry tachycardia,0,"    ('SNOMED CT', '1142105006', 'Typical atrioventricular nodal re-entry tachycardia', '0'),"
SNOMED CT,1142110005,Sinus bradycardia caused by drug (disorder),0,"    ('SNOMED CT', '1142110005', 'Sinus bradycardia caused by drug (disorder)', '0'),"
SNOMED CT,1142111009,Sinus bradycardia due to metabolic disease,0,"    ('SNOMED CT', '1142111009', 'Sinus bradycardia due to metabolic disease', '0'),"
SNOMED CT,1142114001,Scar mediated right atrial non-cavotricuspid isthmus dependent macro re-entrant atrial tachycardia (disorder),0,"    ('SNOMED CT', '1142114001', 'Scar mediated right atrial non-cavotricuspid isthmus dependent macro re-entrant atrial tachycardia (disorder)', '0'),"
SNOMED CT,1142117008,Atypical slow slow atrioventricular nodal re-entry tachycardia,0,"    ('SNOMED CT', '1142117008', 'Atypical slow slow atrioventricular nodal re-entry tachycardia', '0'),"
SNOMED CT,1142118003,Atypical atrioventricular nodal re-entry tachycardia,0,"    ('SNOMED CT', '1142118003', 'Atypical atrioventricular nodal re-entry tachycardia', '0'),"
SNOMED CT,1142119006,Atypical fast slow atrioventricular nodal re-entry tachycardia,0,"    ('SNOMED CT', '1142119006', 'Atypical fast slow atrioventricular nodal re-entry tachycardia', '0'),"
SNOMED CT,1142120000,Orthodromic atrioventricular reciprocating tachycardia utilising manifest accessory pathway,0,"    ('SNOMED CT', '1142120000', 'Orthodromic atrioventricular reciprocating tachycardia utilising manifest accessory pathway', '0'),"
SNOMED CT,1142121001,Atrioventricular nodal reentry tachycardia with twin atrioventricular nodes (disorder),0,"    ('SNOMED CT', '1142121001', 'Atrioventricular nodal reentry tachycardia with twin atrioventricular nodes (disorder)', '0'),"
SNOMED CT,1142122008,Antidromic atrioventricular reciprocating tachycardia utilizing accessory pathway with bidirectional conduction (disorder),0,"    ('SNOMED CT', '1142122008', 'Antidromic atrioventricular reciprocating tachycardia utilizing accessory pathway with bidirectional conduction (disorder)', '0'),"
SNOMED CT,1142123003,Atrial premature depolarisation with aberrant ventricular conduction,0,"    ('SNOMED CT', '1142123003', 'Atrial premature depolarisation with aberrant ventricular conduction', '0'),"
SNOMED CT,1142124009,Atrial premature depolarization with normal conduction (disorder),0,"    ('SNOMED CT', '1142124009', 'Atrial premature depolarization with normal conduction (disorder)', '0'),"
SNOMED CT,1142204001,Orthodromic atrioventricular reciprocating tachycardia utilizing concealed accessory pathway,0,"    ('SNOMED CT', '1142204001', 'Orthodromic atrioventricular reciprocating tachycardia utilizing concealed accessory pathway', '0'),"
SNOMED CT,1149361009,Cardiac arrest due to procedure (disorder),0,"    ('SNOMED CT', '1149361009', 'Cardiac arrest due to procedure (disorder)', '0'),"
SNOMED CT,1149362002,Cardiac arrest during procedure (disorder),0,"    ('SNOMED CT', '1149362002', 'Cardiac arrest during procedure (disorder)', '0'),"
SNOMED CT,1156821008,Autosomal recessive sick sinus syndrome (disorder),0,"    ('SNOMED CT', '1156821008', 'Autosomal recessive sick sinus syndrome (disorder)', '0'),"
SNOMED CT,1172698005,"Transport and golgi organization 2 homolog-related metabolic encephalopathy, arrhythmia syndrome",0,"    ('SNOMED CT', '1172698005', 'Transport and golgi organization 2 homolog-related metabolic encephalopathy, arrhythmia syndrome', '0'),"
SNOMED CT,1179295004,"Autosomal recessive limb girdle muscular dystrophy, cardiac arrhythmia syndrome",0,"    ('SNOMED CT', '1179295004', 'Autosomal recessive limb girdle muscular dystrophy, cardiac arrhythmia syndrome', '0'),"
SNOMED CT,1186711002,"GNB5-related intellectual disability, cardiac arrhythmia syndrome",0,"    ('SNOMED CT', '1186711002', 'GNB5-related intellectual disability, cardiac arrhythmia syndrome', '0'),"
SNOMED CT,1204124006,Cardiac arrhythmia due to coronary artery spasm,0,"    ('SNOMED CT', '1204124006', 'Cardiac arrhythmia due to coronary artery spasm', '0'),"
SNOMED CT,1204129001,Catecholaminergic polymorphic ventricular tachycardia due to RYR2 mutation,0,"    ('SNOMED CT', '1204129001', 'Catecholaminergic polymorphic ventricular tachycardia due to RYR2 mutation', '0'),"
SNOMED CT,1204167003,Catecholaminergic polymorphic ventricular tachycardia due to calsequestrin mutation,0,"    ('SNOMED CT', '1204167003', 'Catecholaminergic polymorphic ventricular tachycardia due to calsequestrin mutation', '0'),"
SNOMED CT,1208861007,Long QT syndrome type 4,0,"    ('SNOMED CT', '1208861007', 'Long QT syndrome type 4', '0'),"
SNOMED CT,1208863005,Long QT syndrome type 5,0,"    ('SNOMED CT', '1208863005', 'Long QT syndrome type 5', '0'),"
SNOMED CT,1208864004,Long QT syndrome type 2,0,"    ('SNOMED CT', '1208864004', 'Long QT syndrome type 2', '0'),"
SNOMED CT,1208866002,Long QT syndrome type 3,0,"    ('SNOMED CT', '1208866002', 'Long QT syndrome type 3', '0'),"
SNOMED CT,1208868001,Long QT syndrome type 12,0,"    ('SNOMED CT', '1208868001', 'Long QT syndrome type 12', '0'),"
SNOMED CT,1208870005,Long QT syndrome type 13,0,"    ('SNOMED CT', '1208870005', 'Long QT syndrome type 13', '0'),"
SNOMED CT,1208881008,Long QT syndrome type 11,0,"    ('SNOMED CT', '1208881008', 'Long QT syndrome type 11', '0'),"
SNOMED CT,1208884000,Long QT syndrome type 10,0,"    ('SNOMED CT', '1208884000', 'Long QT syndrome type 10', '0'),"
SNOMED CT,1208909006,Long QT syndrome type 6,0,"    ('SNOMED CT', '1208909006', 'Long QT syndrome type 6', '0'),"
SNOMED CT,1208911002,Long QT syndrome type 9,0,"    ('SNOMED CT', '1208911002', 'Long QT syndrome type 9', '0'),"
SNOMED CT,1220643007,Regular wide QRS complex tachycardia,0,"    ('SNOMED CT', '1220643007', 'Regular wide QRS complex tachycardia', '0'),"
SNOMED CT,1222539006,Three consecutive ventricular premature complexes,0,"    ('SNOMED CT', '1222539006', 'Three consecutive ventricular premature complexes', '0'),"
SNOMED CT,1230096008,Timothy syndrome ,0,"    ('SNOMED CT', '1230096008', 'Timothy syndrome ', '0'),"
SNOMED CT,1230097004,Atypical Timothy syndrome,0,"    ('SNOMED CT', '1230097004', 'Atypical Timothy syndrome', '0'),"
SNOMED CT,1230406008,Atypical Timothy syndrome,0,"    ('SNOMED CT', '1230406008', 'Atypical Timothy syndrome', '0'),"
SNOMED CT,5.761E+12,Nonsustained paroxysmal supraventricular tachycardia,0,"    ('SNOMED CT', '5761000119100', 'Nonsustained paroxysmal supraventricular tachycardia', '0'),"
SNOMED CT,1.0701E+13,Arrhythmia during surgery (disorder),0,"    ('SNOMED CT', '10701000087104', 'Arrhythmia during surgery (disorder)', '0'),"
SNOMED CT,2.1421E+13,Nonsustained paroxysmal ventricular tachycardia,0,"    ('SNOMED CT', '21421000119109', 'Nonsustained paroxysmal ventricular tachycardia', '0'),"
SNOMED CT,7.2291E+13,Cardiac arrhythmia during pregnancy (disorder),0,"    ('SNOMED CT', '72291000119104', 'Cardiac arrhythmia during pregnancy (disorder)', '0'),"
SNOMED CT,1.02451E+14,Complete atrioventricular block due to atrioventricular nodal ablation,0,"    ('SNOMED CT', '102451000119107', 'Complete atrioventricular block due to atrioventricular nodal ablation', '0'),"
SNOMED CT,1.20041E+14,Atrial fibrillation with rapid ventricular response,0,"    ('SNOMED CT', '120041000119109', 'Atrial fibrillation with rapid ventricular response', '0'),"
SNOMED CT,2.84941E+14,High degree second degree atrioventricular block,0,"    ('SNOMED CT', '284941000119107', 'High degree second degree atrioventricular block', '0'),"
SNOMED CT,2.84951E+14,Postoperative atrioventricular block,0,"    ('SNOMED CT', '284951000119109', 'Postoperative atrioventricular block', '0'),"
SNOMED CT,9.59281E+14,HHS - holiday heart syndrome,0,"    ('SNOMED CT', '959281000000105', 'HHS - holiday heart syndrome', '0'),"
SNOMED CT,10743741000119103,Cardiac arrhythmia in mother complicating childbirth,0,"    ('SNOMED CT', '10743741000119103', 'Cardiac arrhythmia in mother complicating childbirth', '0'),"
SNOMED CT,10745231000119102,Cardiac arrest due to administration of anesthesia for obstetric procedure in pregnancy (disorder),0,"    ('SNOMED CT', '10745231000119102', 'Cardiac arrest due to administration of anesthesia for obstetric procedure in pregnancy (disorder)', '0'),"
SNOMED CT,10750641000119101,Cardiac arrest due to failed attempted abortion ,0,"    ('SNOMED CT', '10750641000119101', 'Cardiac arrest due to failed attempted abortion ', '0'),"
SNOMED CT,10760181000119109,Cardiac arrest due to miscarriage,0,"    ('SNOMED CT', '10760181000119109', 'Cardiac arrest due to miscarriage', '0'),"
SNOMED CT,10811961000119109,Cardiac arrest due to incomplete miscarriage ,0,"    ('SNOMED CT', '10811961000119109', 'Cardiac arrest due to incomplete miscarriage ', '0'),"
SNOMED CT,15964501000119104,Cardiac arrest during cardiac surgery (disorder),0,"    ('SNOMED CT', '15964501000119104', 'Cardiac arrest during cardiac surgery (disorder)', '0'),"
SNOMED CT,15964901000119107,Atypical atrial flutter ,0,"    ('SNOMED CT', '15964901000119107', 'Atypical atrial flutter ', '0'),"
SNOMED CT,16415081000119104,Supraventricular tachycardia following acute myocardial infarction,0,"    ('SNOMED CT', '16415081000119104', 'Supraventricular tachycardia following acute myocardial infarction', '0'),"
SNOMED CT,280797561000119107,Permanent atrial fibrillation due to heart valve disorder (disorder),0,"    ('SNOMED CT', '280797561000119107', 'Permanent atrial fibrillation due to heart valve disorder (disorder)', '0'),"
SNOMED CT,313377641000119105,Atrial fibrillation due to heart valve disorder (disorder),0,"    ('SNOMED CT', '313377641000119105', 'Atrial fibrillation due to heart valve disorder (disorder)', '0'),"
SNOMED CT,467643831000119105,Paroxysmal atrial fibrillation due to heart valve disorder (disorder),0,"    ('SNOMED CT', '467643831000119105', 'Paroxysmal atrial fibrillation due to heart valve disorder (disorder)', '0'),"
SNOMED CT,489609371000119104,Persistent atrial fibrillation due to heart valve disorder (disorder),0,"    ('SNOMED CT', '489609371000119104', 'Persistent atrial fibrillation due to heart valve disorder (disorder)', '0'),"